,選　手,試合,打席,打数,得点,安打,二塁打,三塁打,本塁打,塁打,打点,盗塁,盗塁刺,犠打,犠飛,四球,故意四,死球,三振,併殺打,打率,長打率,出塁率,球団,成績種別
*,秋広　優人,5,8,7,0,1,0,0,0,1,0,0,0,0,0,1,0,0,0,0,.143,.143,.250,読売ジャイアンツ,打撃成績
*,荒巻　悠,22,50,43,1,13,0,0,1,16,1,0,2,0,0,7,0,0,12,0,.302,.372,.400,読売ジャイアンツ,打撃成績
*,泉口　友汰,80,343,305,31,86,12,0,4,110,19,4,4,6,1,29,1,2,41,4,.282,.361,.347,読売ジャイアンツ,打撃成績
*,井上　温大,15,24,23,1,2,0,0,0,2,1,0,0,1,0,0,0,0,13,0,.087,.087,.087,読売ジャイアンツ,打撃成績
*,浦田　俊輔,8,11,11,0,1,0,0,0,1,0,0,0,0,0,0,0,0,1,1,.091,.091,.091,読売ジャイアンツ,打撃成績
*,大城　卓三,33,67,64,4,9,1,0,3,19,7,0,0,0,0,3,1,0,22,2,.141,.297,.179,読売ジャイアンツ,打撃成績
*,岡田　悠希,7,15,14,1,2,1,0,0,3,2,0,0,0,0,1,0,0,8,0,.143,.214,.200,読売ジャイアンツ,打撃成績
*,門脇　誠,57,131,115,11,26,3,1,0,31,3,5,1,6,0,9,0,1,24,2,.226,.270,.288,読売ジャイアンツ,打撃成績
*,キャベッジ,72,277,251,22,60,13,0,8,97,27,3,3,1,1,20,2,4,81,2,.239,.386,.304,読売ジャイアンツ,打撃成績
*,グリフィン,12,22,18,0,3,0,0,0,3,0,0,0,3,0,1,0,0,6,0,.167,.167,.211,読売ジャイアンツ,打撃成績
*,佐々木　俊輔,24,64,56,6,13,2,0,0,15,3,0,1,4,0,4,0,0,12,1,.232,.268,.283,読売ジャイアンツ,打撃成績
*,重信　慎之介,10,3,3,1,1,0,0,0,1,0,1,0,0,0,0,0,0,2,0,.333,.333,.333,読売ジャイアンツ,打撃成績
*,高梨　雄平,18,0,0,0,0,0,0,0,0,0,0,0,0,0,0,0,0,0,0,.000,.000,.000,読売ジャイアンツ,打撃成績
*,田中　瑛斗,38,0,0,0,0,0,0,0,0,0,0,0,0,0,0,0,0,0,0,.000,.000,.000,読売ジャイアンツ,打撃成績
*,中川　皓太,40,0,0,0,0,0,0,0,0,0,0,0,0,0,0,0,0,0,0,.000,.000,.000,読売ジャイアンツ,打撃成績
*,中山　礼都,61,157,150,14,36,4,0,2,46,9,0,2,1,0,4,0,2,23,3,.240,.307,.269,読売ジャイアンツ,打撃成績
*,バルドナード,17,0,0,0,0,0,0,0,0,0,0,0,0,0,0,0,0,0,0,.000,.000,.000,読売ジャイアンツ,打撃成績
*,船迫　大雅,34,0,0,0,0,0,0,0,0,0,0,0,0,0,0,0,0,0,0,.000,.000,.000,読売ジャイアンツ,打撃成績
*,マルティネス,37,0,0,0,0,0,0,0,0,0,0,0,0,0,0,0,0,0,0,.000,.000,.000,読売ジャイアンツ,打撃成績
*,丸　佳浩,40,167,143,8,39,8,2,2,57,14,3,2,1,0,23,4,0,28,3,.273,.399,.373,読売ジャイアンツ,打撃成績
*,三塚　琉生,3,9,9,0,0,0,0,0,0,0,0,0,0,0,0,0,0,6,0,.000,.000,.000,読売ジャイアンツ,打撃成績
*,山﨑　伊織,16,30,27,1,3,0,0,0,3,0,0,0,2,0,1,0,0,13,0,.111,.111,.143,読売ジャイアンツ,打撃成績
*,山田　龍聖,2,0,0,0,0,0,0,0,0,0,0,0,0,0,0,0,0,0,0,.000,.000,.000,読売ジャイアンツ,打撃成績
*,横川　凱,16,4,3,0,0,0,0,0,0,0,0,0,1,0,0,0,0,2,0,.000,.000,.000,読売ジャイアンツ,打撃成績
*,吉川　尚輝,88,379,336,28,92,13,3,3,120,26,7,2,1,3,35,0,4,53,6,.274,.357,.347,読売ジャイアンツ,打撃成績
読売ジャイアンツ||,公式戦(セ・リーグ),：,チーム打撃|,個人投手|,個人守備|,,,,,,,,,,,,,,,,,,,読売ジャイアンツ,打撃成績
ファーム(イ・リーグ),：,個人打撃|,個人投手|,個人守備|,,,,,,,,,,,,,,,,,,,,読売ジャイアンツ,打撃成績
*,伊藤　将司,7,14,11,1,0,0,0,0,0,1,0,0,3,0,0,0,0,4,3,.000,.000,.000,阪神タイガース,打撃成績
*,糸原　健斗,46,60,54,0,10,0,0,0,10,3,1,0,0,1,5,1,0,15,1,.185,.185,.250,阪神タイガース,打撃成績
*,伊原　陵人,19,19,19,0,3,0,0,0,3,0,0,0,0,0,0,0,0,5,1,.158,.158,.158,阪神タイガース,打撃成績
*,岩崎　優,37,0,0,0,0,0,0,0,0,0,0,0,0,0,0,0,0,0,0,.000,.000,.000,阪神タイガース,打撃成績
*,岩貞　祐太,15,0,0,0,0,0,0,0,0,0,0,0,0,0,0,0,0,0,0,.000,.000,.000,阪神タイガース,打撃成績
+,植田　海,26,4,4,7,1,1,0,0,2,1,4,0,0,0,0,0,0,2,0,.250,.500,.250,阪神タイガース,打撃成績
*,漆原　大晟,11,0,0,0,0,0,0,0,0,0,0,0,0,0,0,0,0,0,0,.000,.000,.000,阪神タイガース,打撃成績
*,大竹　耕太郎,9,19,18,0,1,0,0,0,1,0,0,0,1,0,0,0,0,9,0,.056,.056,.056,阪神タイガース,打撃成績
*,小幡　竜平,57,202,181,16,45,7,0,3,61,15,4,2,8,3,10,2,0,48,4,.249,.337,.284,阪神タイガース,打撃成績
*,及川　雅貴,41,0,0,0,0,0,0,0,0,0,0,0,0,0,0,0,0,0,0,.000,.000,.000,阪神タイガース,打撃成績
*,木浪　聖也,50,153,135,8,26,5,2,0,35,12,1,1,7,0,8,2,3,34,1,.193,.259,.253,阪神タイガース,打撃成績
*,桐敷　拓馬,31,0,0,0,0,0,0,0,0,0,0,0,0,0,0,0,0,0,0,.000,.000,.000,阪神タイガース,打撃成績
*,楠本　泰史,10,10,9,0,0,0,0,0,0,0,0,0,0,0,1,0,0,4,0,.000,.000,.100,阪神タイガース,打撃成績
*,工藤　泰成,14,0,0,0,0,0,0,0,0,0,0,0,0,0,0,0,0,0,0,.000,.000,.000,阪神タイガース,打撃成績
*,ゲラ,6,0,0,0,0,0,0,0,0,0,0,0,0,0,0,0,0,0,0,.000,.000,.000,阪神タイガース,打撃成績
*,佐藤　輝明,90,385,347,53,100,21,4,26,207,65,8,2,0,1,37,6,0,103,4,.288,.597,.356,阪神タイガース,打撃成績
*,島田　海吏,26,29,25,2,4,0,0,0,4,0,1,2,3,0,1,0,0,1,0,.160,.160,.192,阪神タイガース,打撃成績
*,島本　浩也,9,0,0,0,0,0,0,0,0,0,0,0,0,0,0,0,0,0,0,.000,.000,.000,阪神タイガース,打撃成績
*,髙寺　望夢,28,52,45,1,9,1,0,1,13,1,1,1,3,0,3,1,1,15,0,.200,.289,.265,阪神タイガース,打撃成績
*,髙橋　遥人,1,2,1,0,0,0,0,0,0,0,0,0,1,0,0,0,0,0,0,.000,.000,.000,阪神タイガース,打撃成績
*,近本　光司,91,418,377,48,109,15,2,3,137,23,23,5,0,2,38,1,1,54,1,.289,.363,.354,阪神タイガース,打撃成績
*,デュプランティエ,14,26,24,0,1,0,0,0,1,0,0,0,2,0,0,0,0,16,0,.042,.042,.042,阪神タイガース,打撃成績
*,富田　蓮,9,6,5,1,0,0,0,0,0,0,0,0,1,0,0,0,0,3,0,.000,.000,.000,阪神タイガース,打撃成績
*,中野　拓夢,91,406,335,45,97,10,2,0,111,19,14,3,31,2,35,1,3,50,4,.290,.331,.360,阪神タイガース,打撃成績
*,前川　右京,60,182,169,9,39,9,1,0,50,9,0,1,0,0,8,2,5,27,2,.231,.296,.286,阪神タイガース,打撃成績
*,村上　頌樹,17,39,32,0,3,0,0,0,3,0,0,0,6,0,1,0,0,21,1,.094,.094,.121,阪神タイガース,打撃成績
*,門別　啓人,9,12,10,0,0,0,0,0,0,0,0,0,2,0,0,0,0,4,0,.000,.000,.000,阪神タイガース,打撃成績
阪神タイガース||,公式戦(セ・リーグ),：,チーム打撃|,個人投手|,個人守備|,,,,,,,,,,,,,,,,,,,阪神タイガース,打撃成績
ファーム(ウ・リーグ),：,個人打撃|,個人投手|,個人守備|,,,,,,,,,,,,,,,,,,,,阪神タイガース,打撃成績
*,東　克樹,15,33,22,0,4,0,0,0,4,1,0,0,8,0,3,0,0,9,0,.182,.182,.280,横浜DeNAベイスターズ,打撃成績
*,石上　泰輝,41,73,66,6,11,2,0,0,13,6,1,1,1,0,6,1,0,21,2,.167,.197,.236,横浜DeNAベイスターズ,打撃成績
*,井上　絢登,11,30,28,2,5,0,0,2,11,7,0,0,0,1,1,0,0,6,0,.179,.393,.200,横浜DeNAベイスターズ,打撃成績
*,岩田　将貴,3,0,0,0,0,0,0,0,0,0,0,0,0,0,0,0,0,0,0,.000,.000,.000,横浜DeNAベイスターズ,打撃成績
*,ウィック,31,0,0,0,0,0,0,0,0,0,0,0,0,0,0,0,0,0,0,.000,.000,.000,横浜DeNAベイスターズ,打撃成績
*,梶原　昂希,47,140,133,14,29,7,0,1,39,8,4,1,0,1,4,0,2,43,1,.218,.293,.250,横浜DeNAベイスターズ,打撃成績
*,勝又　温史,7,9,9,0,3,0,0,0,3,0,0,0,0,0,0,0,0,1,0,.333,.333,.333,横浜DeNAベイスターズ,打撃成績
*,神里　和毅,26,4,3,1,0,0,0,0,0,0,1,0,0,0,1,0,0,2,0,.000,.000,.250,横浜DeNAベイスターズ,打撃成績
*,京田　陽太,47,102,98,9,23,4,1,1,32,7,0,0,0,0,1,0,3,30,1,.235,.327,.265,横浜DeNAベイスターズ,打撃成績
*,ケイ,16,32,23,0,2,0,0,0,2,0,0,0,8,0,1,0,0,10,0,.087,.087,.125,横浜DeNAベイスターズ,打撃成績
*,坂本　裕哉,16,0,0,0,0,0,0,0,0,0,0,0,0,0,0,0,0,0,0,.000,.000,.000,横浜DeNAベイスターズ,打撃成績
*,佐野　恵太,87,356,326,24,88,15,0,7,124,41,0,0,0,2,26,1,2,39,6,.270,.380,.326,横浜DeNAベイスターズ,打撃成績
*,篠木　健太郎,2,0,0,0,0,0,0,0,0,0,0,0,0,0,0,0,0,0,0,.000,.000,.000,横浜DeNAベイスターズ,打撃成績
*,柴田　竜拓,39,21,15,2,1,0,0,0,1,0,1,1,2,0,4,0,0,5,0,.067,.067,.263,横浜DeNAベイスターズ,打撃成績
*,関根　大気,7,19,19,2,4,3,0,0,7,1,0,0,0,0,0,0,0,2,0,.211,.368,.211,横浜DeNAベイスターズ,打撃成績
*,筒香　嘉智,42,134,121,11,21,7,0,6,46,10,0,0,0,0,13,1,0,41,4,.174,.380,.254,横浜DeNAベイスターズ,打撃成績
*,戸柱　恭孝,33,64,60,2,15,2,0,2,23,5,0,0,1,1,2,0,0,9,2,.250,.383,.270,横浜DeNAベイスターズ,打撃成績
*,林　琢真,44,100,86,13,18,5,0,0,23,3,7,1,5,0,8,0,1,20,2,.209,.267,.284,横浜DeNAベイスターズ,打撃成績
*,颯,21,1,1,0,1,0,0,0,1,0,0,0,0,0,0,0,0,0,0,1.000,1.000,1.000,横浜DeNAベイスターズ,打撃成績
*,フォード,4,15,15,0,4,0,0,0,4,1,0,0,0,0,0,0,0,3,0,.267,.267,.267,横浜DeNAベイスターズ,打撃成績
*,三森　大貴,63,151,136,15,28,8,0,0,36,7,14,5,0,1,14,4,0,26,1,.206,.265,.278,横浜DeNAベイスターズ,打撃成績
*,森　敬斗,28,75,72,4,11,0,1,0,13,4,0,2,0,1,2,0,0,16,1,.153,.181,.173,横浜DeNAベイスターズ,打撃成績
*,森原　康平,8,0,0,0,0,0,0,0,0,0,0,0,0,0,0,0,0,0,0,.000,.000,.000,横浜DeNAベイスターズ,打撃成績
*,度会　隆輝,71,259,232,19,52,10,2,4,78,21,0,1,3,2,21,1,1,33,4,.224,.336,.289,横浜DeNAベイスターズ,打撃成績
横浜DeNAベイスターズ||,公式戦(セ・リーグ),：,チーム打撃|,個人投手|,個人守備|,,,,,,,,,,,,,,,,,,,横浜DeNAベイスターズ,打撃成績
ファーム(イ・リーグ),：,個人打撃|,個人投手|,個人守備|,,,,,,,,,,,,,,,,,,,,横浜DeNAベイスターズ,打撃成績
*,秋山　翔吾,38,95,89,5,22,3,0,1,28,3,0,0,1,0,4,0,1,20,1,.247,.315,.287,広島東洋カープ,打撃成績
*,大盛　穂,63,103,97,21,28,5,0,3,42,8,6,0,1,0,5,0,0,24,1,.289,.433,.324,広島東洋カープ,打撃成績
*,岡本　駿,26,0,0,0,0,0,0,0,0,0,0,0,0,0,0,0,0,0,0,.000,.000,.000,広島東洋カープ,打撃成績
*,小園　海斗,88,375,341,33,99,18,3,2,129,28,9,4,2,1,29,5,2,31,5,.290,.378,.349,広島東洋カープ,打撃成績
*,斉藤　優汰,1,0,0,0,0,0,0,0,0,0,0,0,0,0,0,0,0,0,0,.000,.000,.000,広島東洋カープ,打撃成績
*,坂倉　将吾,62,240,207,21,55,14,1,3,80,21,1,0,4,1,26,2,2,44,4,.266,.386,.352,広島東洋カープ,打撃成績
*,佐藤　柳之介,4,4,4,0,1,0,0,0,1,0,0,0,0,0,0,0,0,2,0,.250,.250,.250,広島東洋カープ,打撃成績
*,鈴木　健矢,13,0,0,0,0,0,0,0,0,0,0,0,0,0,0,0,0,0,0,.000,.000,.000,広島東洋カープ,打撃成績
*,高橋　昂也,10,1,1,0,0,0,0,0,0,0,0,0,0,0,0,0,0,1,0,.000,.000,.000,広島東洋カープ,打撃成績
*,滝田　一希,4,0,0,0,0,0,0,0,0,0,0,0,0,0,0,0,0,0,0,.000,.000,.000,広島東洋カープ,打撃成績
*,田中　広輔,14,40,30,2,5,0,0,0,5,0,0,2,0,0,9,1,1,6,0,.167,.167,.375,広島東洋カープ,打撃成績
*,玉村　昇悟,14,19,18,1,1,0,0,0,1,2,0,0,0,0,1,0,0,11,0,.056,.056,.105,広島東洋カープ,打撃成績
*,田村　俊介,25,69,63,5,16,0,1,1,21,4,0,1,0,0,6,1,0,14,1,.254,.333,.319,広島東洋カープ,打撃成績
*,床田　寛樹,17,38,36,3,7,1,0,0,8,0,0,0,2,0,0,0,0,10,1,.194,.222,.194,広島東洋カープ,打撃成績
*,野間　峻祥,62,146,134,9,34,2,1,0,38,13,2,1,0,1,10,1,1,25,0,.254,.284,.308,広島東洋カープ,打撃成績
*,ハーン,33,0,0,0,0,0,0,0,0,0,0,0,0,0,0,0,0,0,0,.000,.000,.000,広島東洋カープ,打撃成績
*,長谷部　銀次,5,0,0,0,0,0,0,0,0,0,0,0,0,0,0,0,0,0,0,.000,.000,.000,広島東洋カープ,打撃成績
*,羽月　隆太郎,44,51,41,14,13,1,1,0,16,3,13,4,0,0,10,0,0,14,0,.317,.390,.451,広島東洋カープ,打撃成績
*,林　晃汰,13,24,24,2,6,0,0,2,12,4,0,0,0,0,0,0,0,10,0,.250,.500,.250,広島東洋カープ,打撃成績
*,塹江　敦哉,25,0,0,0,0,0,0,0,0,0,0,0,0,0,0,0,0,0,0,.000,.000,.000,広島東洋カープ,打撃成績
*,森　翔平,14,23,20,0,3,0,0,0,3,0,0,0,3,0,0,0,0,10,0,.150,.150,.150,広島東洋カープ,打撃成績
*,森浦　大輔,39,0,0,0,0,0,0,0,0,0,0,0,0,0,0,0,0,0,0,.000,.000,.000,広島東洋カープ,打撃成績
*,矢野　雅哉,80,278,238,18,51,6,1,1,62,17,1,3,13,1,23,1,3,57,1,.214,.261,.291,広島東洋カープ,打撃成績
広島東洋カープ||,公式戦(セ・リーグ),：,チーム打撃|,個人投手|,個人守備|,,,,,,,,,,,,,,,,,,,広島東洋カープ,打撃成績
ファーム(ウ・リーグ),：,個人打撃|,個人投手|,個人守備|,,,,,,,,,,,,,,,,,,,,広島東洋カープ,打撃成績
*,石川　雅規,5,8,8,0,0,0,0,0,0,0,0,0,0,0,0,0,0,4,0,.000,.000,.000,東京ヤクルトスワローズ,打撃成績
*,岩田　幸宏,70,221,195,24,47,3,4,0,58,5,10,5,6,1,14,1,5,24,1,.241,.297,.307,東京ヤクルトスワローズ,打撃成績
*,太田　賢吾,6,12,11,2,3,0,0,0,3,2,0,0,0,0,1,0,0,4,0,.273,.273,.333,東京ヤクルトスワローズ,打撃成績
*,金久保　優斗,12,1,1,0,0,0,0,0,0,0,0,0,0,0,0,0,0,1,0,.000,.000,.000,東京ヤクルトスワローズ,打撃成績
*,小澤　怜史,19,0,0,0,0,0,0,0,0,0,0,0,0,0,0,0,0,0,0,.000,.000,.000,東京ヤクルトスワローズ,打撃成績
*,阪口　皓亮,12,0,0,0,0,0,0,0,0,0,0,0,0,0,0,0,0,0,0,.000,.000,.000,東京ヤクルトスワローズ,打撃成績
*,澤井　廉,23,68,66,3,14,4,0,1,21,3,0,0,0,0,1,0,1,22,1,.212,.318,.235,東京ヤクルトスワローズ,打撃成績
*,清水　昇,24,0,0,0,0,0,0,0,0,0,0,0,0,0,0,0,0,0,0,.000,.000,.000,東京ヤクルトスワローズ,打撃成績
*,荘司　宏太,23,0,0,0,0,0,0,0,0,0,0,0,0,0,0,0,0,0,0,.000,.000,.000,東京ヤクルトスワローズ,打撃成績
*,高橋　奎二,6,8,6,0,0,0,0,0,0,0,0,0,2,0,0,0,0,4,0,.000,.000,.000,東京ヤクルトスワローズ,打撃成績
*,田口　麗斗,26,0,0,0,0,0,0,0,0,0,0,0,0,0,0,0,0,0,0,.000,.000,.000,東京ヤクルトスワローズ,打撃成績
*,武岡　龍世,46,118,103,6,19,5,0,1,27,5,1,0,7,1,7,0,0,22,0,.184,.262,.234,東京ヤクルトスワローズ,打撃成績
*,田中　陽翔,2,2,2,0,0,0,0,0,0,0,0,0,0,0,0,0,0,2,0,.000,.000,.000,東京ヤクルトスワローズ,打撃成績
*,長岡　秀樹,19,78,72,4,14,2,0,0,16,2,0,0,2,1,2,1,1,6,3,.194,.222,.224,東京ヤクルトスワローズ,打撃成績
*,中村　優斗,3,5,4,1,1,0,0,0,1,0,0,0,0,0,1,0,0,3,0,.250,.250,.400,東京ヤクルトスワローズ,打撃成績
*,西川　遥輝,43,122,105,10,19,3,0,0,22,6,1,0,2,0,14,0,1,30,1,.181,.210,.283,東京ヤクルトスワローズ,打撃成績
*,橋本　星哉,13,12,11,0,1,0,0,0,1,0,0,0,0,0,1,0,0,4,0,.091,.091,.167,東京ヤクルトスワローズ,打撃成績
*,長谷川　宙輝,2,0,0,0,0,0,0,0,0,0,0,0,0,0,0,0,0,0,0,.000,.000,.000,東京ヤクルトスワローズ,打撃成績
*,丸山　和郁,16,20,19,3,2,0,0,0,2,1,0,0,0,0,1,1,0,7,0,.105,.105,.150,東京ヤクルトスワローズ,打撃成績
*,丸山　翔大,6,0,0,0,0,0,0,0,0,0,0,0,0,0,0,0,0,0,0,.000,.000,.000,東京ヤクルトスワローズ,打撃成績
*,宮本　丈,53,79,64,4,16,4,0,0,20,5,0,0,2,0,13,1,0,16,1,.250,.313,.377,東京ヤクルトスワローズ,打撃成績
*,村上　宗隆,1,4,4,0,1,0,0,0,1,0,0,0,0,0,0,0,0,2,0,.250,.250,.250,東京ヤクルトスワローズ,打撃成績
*,茂木　栄五郎,53,172,150,12,36,2,0,5,53,16,0,3,1,0,19,1,2,48,2,.240,.353,.333,東京ヤクルトスワローズ,打撃成績
*,山野　太一,8,12,10,0,1,1,0,0,2,1,0,0,2,0,0,0,0,6,0,.100,.200,.100,東京ヤクルトスワローズ,打撃成績
*,山本　大貴,14,0,0,0,0,0,0,0,0,0,0,0,0,0,0,0,0,0,0,.000,.000,.000,東京ヤクルトスワローズ,打撃成績
東京ヤクルトスワローズ||,公式戦(セ・リーグ),：,チーム打撃|,個人投手|,個人守備|,,,,,,,,,,,,,,,,,,,東京ヤクルトスワローズ,打撃成績
ファーム(イ・リーグ),：,個人打撃|,個人投手|,個人守備|,,,,,,,,,,,,,,,,,,,,東京ヤクルトスワローズ,打撃成績
*,板山　祐太郎,58,146,135,12,29,4,1,2,41,9,0,0,2,1,7,1,1,37,4,.215,.304,.257,中日ドラゴンズ,打撃成績
*,伊藤　茉央,1,0,0,0,0,0,0,0,0,0,0,0,0,0,0,0,0,0,0,.000,.000,.000,中日ドラゴンズ,打撃成績
*,上林　誠知,87,335,312,31,82,12,3,11,133,32,19,4,4,1,16,7,2,60,0,.263,.426,.302,中日ドラゴンズ,打撃成績
*,宇佐見　真吾,15,31,25,2,4,0,0,0,4,0,0,0,0,0,6,2,0,10,0,.160,.160,.323,中日ドラゴンズ,打撃成績
*,大島　洋平,38,70,69,5,16,0,0,0,16,2,3,0,0,0,1,0,0,8,0,.232,.232,.243,中日ドラゴンズ,打撃成績
*,大野　雄大,12,24,18,0,1,0,0,0,1,0,0,0,5,0,1,0,0,10,0,.056,.056,.105,中日ドラゴンズ,打撃成績
*,岡田　俊哉,3,1,1,0,0,0,0,0,0,0,0,0,0,0,0,0,0,1,0,.000,.000,.000,中日ドラゴンズ,打撃成績
*,岡林　勇希,89,398,358,44,104,18,5,2,138,20,14,3,2,2,35,7,1,36,1,.291,.385,.354,中日ドラゴンズ,打撃成績
*,尾田　剛樹,28,5,5,7,0,0,0,0,0,0,5,1,0,0,0,0,0,2,0,.000,.000,.000,中日ドラゴンズ,打撃成績
*,金丸　夢斗,8,12,12,0,0,0,0,0,0,0,0,0,0,0,0,0,0,9,0,.000,.000,.000,中日ドラゴンズ,打撃成績
*,川越　誠司,24,39,33,2,7,1,0,0,8,0,0,0,0,0,4,0,2,10,0,.212,.242,.333,中日ドラゴンズ,打撃成績
*,近藤　廉,3,0,0,0,0,0,0,0,0,0,0,0,0,0,0,0,0,0,0,.000,.000,.000,中日ドラゴンズ,打撃成績
*,齋藤　綱記,22,0,0,0,0,0,0,0,0,0,0,0,0,0,0,0,0,0,0,.000,.000,.000,中日ドラゴンズ,打撃成績
*,駿太,9,9,8,0,1,0,0,0,1,0,0,0,1,0,0,0,0,2,0,.125,.125,.125,中日ドラゴンズ,打撃成績
*,祖父江　大輔,15,0,0,0,0,0,0,0,0,0,0,0,0,0,0,0,0,0,0,.000,.000,.000,中日ドラゴンズ,打撃成績
*,高橋　周平,41,101,94,1,22,5,0,0,27,8,0,0,0,0,7,1,0,21,2,.234,.287,.287,中日ドラゴンズ,打撃成績
*,土田　龍空,12,37,35,1,5,2,0,0,7,2,0,0,0,0,2,0,0,9,2,.143,.200,.189,中日ドラゴンズ,打撃成績
*,根尾　昂,4,1,1,0,0,0,0,0,0,0,0,0,0,0,0,0,0,1,0,.000,.000,.000,中日ドラゴンズ,打撃成績
*,橋本　侑樹,32,0,0,0,0,0,0,0,0,0,0,0,0,0,0,0,0,0,0,.000,.000,.000,中日ドラゴンズ,打撃成績
*,濱　将乃介,2,2,2,0,1,0,0,0,1,1,0,0,0,0,0,0,0,0,0,.500,.500,.500,中日ドラゴンズ,打撃成績
*,樋口　正修,19,14,12,0,0,0,0,0,0,0,3,2,1,0,1,0,0,5,0,.000,.000,.077,中日ドラゴンズ,打撃成績
*,福　敬登,12,0,0,0,0,0,0,0,0,0,0,0,0,0,0,0,0,0,0,.000,.000,.000,中日ドラゴンズ,打撃成績
*,ボスラー,68,269,245,15,60,17,0,7,98,33,0,1,0,2,18,1,4,54,3,.245,.400,.305,中日ドラゴンズ,打撃成績
*,松葉　貴大,16,33,24,1,4,0,0,0,4,0,0,0,6,0,2,0,1,7,0,.167,.167,.259,中日ドラゴンズ,打撃成績
*,村松　開人,51,178,151,8,28,3,1,2,39,10,2,2,9,3,12,0,3,37,0,.185,.258,.254,中日ドラゴンズ,打撃成績
中日ドラゴンズ||,公式戦(セ・リーグ),：,チーム打撃|,個人投手|,個人守備|,,,,,,,,,,,,,,,,,,,中日ドラゴンズ,打撃成績
ファーム(ウ・リーグ),：,個人打撃|,個人投手|,個人守備|,,,,,,,,,,,,,,,,,,,,中日ドラゴンズ,打撃成績
*,秋広　優人,22,59,53,4,11,2,0,1,16,4,0,0,0,0,5,0,1,16,1,.208,.302,.288,福岡ソフトバンクホークス,打撃成績
*,イヒネ　イツア,1,0,0,0,0,0,0,0,0,0,0,0,0,0,0,0,0,0,0,.000,.000,.000,福岡ソフトバンクホークス,打撃成績
*,大江　竜聖,7,0,0,0,0,0,0,0,0,0,0,0,0,0,0,0,0,0,0,.000,.000,.000,福岡ソフトバンクホークス,打撃成績
*,大関　友久,15,3,2,0,0,0,0,0,0,1,0,0,1,0,0,0,0,2,0,.000,.000,.000,福岡ソフトバンクホークス,打撃成績
*,大津　亮介,4,0,0,0,0,0,0,0,0,0,0,0,0,0,0,0,0,0,0,.000,.000,.000,福岡ソフトバンクホークス,打撃成績
*,大野　稼頭央,4,0,0,0,0,0,0,0,0,0,0,0,0,0,0,0,0,0,0,.000,.000,.000,福岡ソフトバンクホークス,打撃成績
*,尾形　崇斗,23,0,0,0,0,0,0,0,0,0,0,0,0,0,0,0,0,0,0,.000,.000,.000,福岡ソフトバンクホークス,打撃成績
*,緒方　理貢,71,63,59,18,12,1,1,0,15,5,6,3,2,0,2,0,0,9,2,.203,.254,.230,福岡ソフトバンクホークス,打撃成績
*,川瀬　晃,60,122,103,13,29,6,1,1,40,15,1,0,9,0,10,0,0,15,4,.282,.388,.345,福岡ソフトバンクホークス,打撃成績
*,川村　友斗,3,0,0,0,0,0,0,0,0,0,0,0,0,0,0,0,0,0,0,.000,.000,.000,福岡ソフトバンクホークス,打撃成績
*,木村　光,2,0,0,0,0,0,0,0,0,0,0,0,0,0,0,0,0,0,0,.000,.000,.000,福岡ソフトバンクホークス,打撃成績
*,栗原　陵矢,53,216,182,19,39,4,0,5,58,19,1,1,1,2,29,1,2,37,3,.214,.319,.326,福岡ソフトバンクホークス,打撃成績
*,近藤　健介,36,144,125,11,38,5,0,3,52,19,0,0,0,2,17,0,0,23,3,.304,.416,.382,福岡ソフトバンクホークス,打撃成績
*,笹川　吉康,14,36,35,5,5,0,0,0,5,2,1,0,0,1,0,0,0,9,1,.143,.143,.139,福岡ソフトバンクホークス,打撃成績
*,周東　佑京,64,286,257,34,79,11,2,2,100,27,26,3,1,0,25,2,3,46,5,.307,.389,.375,福岡ソフトバンクホークス,打撃成績
*,庄子　雄大,12,7,7,1,1,0,0,0,1,0,1,0,0,0,0,0,0,2,0,.143,.143,.143,福岡ソフトバンクホークス,打撃成績
*,谷川原　健太,16,25,20,6,4,1,0,1,8,1,0,0,0,0,4,0,1,7,0,.200,.400,.360,福岡ソフトバンクホークス,打撃成績
*,中村　晃,76,312,272,24,66,5,2,1,78,22,1,2,4,3,32,1,1,30,5,.243,.287,.321,福岡ソフトバンクホークス,打撃成績
*,藤井　皓哉,35,0,0,0,0,0,0,0,0,0,0,0,0,0,0,0,0,0,0,.000,.000,.000,福岡ソフトバンクホークス,打撃成績
*,ヘルナンデス,21,0,0,0,0,0,0,0,0,0,0,0,0,0,0,0,0,0,0,.000,.000,.000,福岡ソフトバンクホークス,打撃成績
*,前田　純,10,2,2,0,1,0,0,0,1,2,0,0,0,0,0,0,0,1,0,.500,.500,.500,福岡ソフトバンクホークス,打撃成績
*,前田　悠伍,1,0,0,0,0,0,0,0,0,0,0,0,0,0,0,0,0,0,0,.000,.000,.000,福岡ソフトバンクホークス,打撃成績
*,牧原　大成,72,229,213,23,61,10,3,0,77,21,7,1,8,2,4,0,2,31,1,.286,.362,.303,福岡ソフトバンクホークス,打撃成績
*,松本　晴,20,4,4,0,0,0,0,0,0,0,0,0,0,0,0,0,0,3,0,.000,.000,.000,福岡ソフトバンクホークス,打撃成績
*,松本　裕樹,29,0,0,0,0,0,0,0,0,0,0,0,0,0,0,0,0,0,0,.000,.000,.000,福岡ソフトバンクホークス,打撃成績
*,モイネロ,16,5,5,0,1,0,0,0,1,0,0,0,0,0,0,0,0,3,0,.200,.200,.200,福岡ソフトバンクホークス,打撃成績
*,柳田　悠岐,11,38,35,5,10,1,0,2,17,6,0,0,0,0,3,1,0,7,1,.286,.486,.342,福岡ソフトバンクホークス,打撃成績
*,柳町　達,78,306,259,27,76,10,1,3,97,27,2,2,3,0,40,0,4,67,6,.293,.375,.396,福岡ソフトバンクホークス,打撃成績
*,山本　恵大,15,44,37,6,9,1,0,1,13,4,0,0,0,0,5,0,2,8,3,.243,.351,.364,福岡ソフトバンクホークス,打撃成績
*,渡邉　陸,24,51,45,4,10,2,0,0,12,5,1,0,0,0,5,1,1,17,0,.222,.267,.314,福岡ソフトバンクホークス,打撃成績
福岡ソフトバンクホークス||,公式戦(パ・リーグ),：,チーム打撃|,個人投手|,個人守備|,,,,,,,,,,,,,,,,,,,福岡ソフトバンクホークス,打撃成績
ファーム(ウ・リーグ),：,個人打撃|,個人投手|,個人守備|,,,,,,,,,,,,,,,,,,,,福岡ソフトバンクホークス,打撃成績
*,淺間　大基,32,84,72,3,13,1,0,1,17,3,2,0,0,0,12,0,0,14,1,.181,.236,.298,北海道日本ハムファイターズ,打撃成績
*,石井　一成,60,195,184,21,50,11,1,1,66,18,1,0,4,1,6,1,0,44,0,.272,.359,.293,北海道日本ハムファイターズ,打撃成績
*,五十幡　亮汰,73,186,172,29,42,4,6,1,61,16,14,7,2,0,12,0,0,39,1,.244,.355,.293,北海道日本ハムファイターズ,打撃成績
*,伊藤　大海,16,6,6,0,0,0,0,0,0,0,0,0,0,0,0,0,0,4,0,.000,.000,.000,北海道日本ハムファイターズ,打撃成績
*,上原　健太,6,0,0,0,0,0,0,0,0,0,0,0,0,0,0,0,0,0,0,.000,.000,.000,北海道日本ハムファイターズ,打撃成績
*,加藤　貴之,13,3,2,0,0,0,0,0,0,0,0,0,1,0,0,0,0,2,0,.000,.000,.000,北海道日本ハムファイターズ,打撃成績
*,上川畑　大悟,35,81,72,4,12,3,0,0,15,5,0,0,0,0,7,0,2,9,4,.167,.208,.259,北海道日本ハムファイターズ,打撃成績
*,河野　竜生,27,0,0,0,0,0,0,0,0,0,0,0,0,0,0,0,0,0,0,.000,.000,.000,北海道日本ハムファイターズ,打撃成績
*,清宮　幸太郎,86,362,332,39,89,18,0,8,131,39,4,1,0,3,26,0,1,47,5,.268,.395,.320,北海道日本ハムファイターズ,打撃成績
*,齋藤　友貴哉,24,0,0,0,0,0,0,0,0,0,0,0,0,0,0,0,0,0,0,.000,.000,.000,北海道日本ハムファイターズ,打撃成績
*,柴田　獅子,1,0,0,0,0,0,0,0,0,0,0,0,0,0,0,0,0,0,0,.000,.000,.000,北海道日本ハムファイターズ,打撃成績
*,孫　易磊,7,0,0,0,0,0,0,0,0,0,0,0,0,0,0,0,0,0,0,.000,.000,.000,北海道日本ハムファイターズ,打撃成績
*,田宮　裕涼,40,141,127,14,31,3,0,4,46,10,1,4,3,2,8,0,1,23,2,.244,.362,.290,北海道日本ハムファイターズ,打撃成績
*,中島　卓也,18,13,6,3,3,0,0,0,3,1,1,0,1,0,6,0,0,2,0,.500,.500,.750,北海道日本ハムファイターズ,打撃成績
*,細川　凌平,9,13,10,0,2,0,0,0,2,1,2,0,2,0,1,0,0,2,0,.200,.200,.273,北海道日本ハムファイターズ,打撃成績
*,細野　晴希,6,0,0,0,0,0,0,0,0,0,0,0,0,0,0,0,0,0,0,.000,.000,.000,北海道日本ハムファイターズ,打撃成績
*,堀　瑞輝,2,0,0,0,0,0,0,0,0,0,0,0,0,0,0,0,0,0,0,.000,.000,.000,北海道日本ハムファイターズ,打撃成績
*,水野　達稀,55,195,172,21,45,7,5,3,71,25,2,0,2,1,14,0,6,35,2,.262,.413,.337,北海道日本ハムファイターズ,打撃成績
*,宮西　尚生,23,0,0,0,0,0,0,0,0,0,0,0,0,0,0,0,0,0,0,.000,.000,.000,北海道日本ハムファイターズ,打撃成績
*,矢澤　宏太,50,120,110,11,29,4,1,1,38,11,6,1,1,0,7,0,2,29,0,.264,.345,.319,北海道日本ハムファイターズ,打撃成績
*,山﨑　福也,13,7,7,0,1,0,0,0,1,2,0,0,0,0,0,0,0,1,0,.143,.143,.143,北海道日本ハムファイターズ,打撃成績
+,若林　晃弘,5,7,7,0,1,0,0,0,1,0,0,0,0,0,0,0,0,1,0,.143,.143,.143,北海道日本ハムファイターズ,打撃成績
北海道日本ハムファイターズ||,公式戦(パ・リーグ),：,チーム打撃|,個人投手|,個人守備|,,,,,,,,,,,,,,,,,,,北海道日本ハムファイターズ,打撃成績
ファーム(イ・リーグ),：,個人打撃|,個人投手|,個人守備|,,,,,,,,,,,,,,,,,,,,北海道日本ハムファイターズ,打撃成績
*,一條　力真,1,0,0,0,0,0,0,0,0,0,0,0,0,0,0,0,0,0,0,.000,.000,.000,千葉ロッテマリーンズ,打撃成績
*,上田　希由翔,21,66,56,6,10,5,0,0,15,5,0,0,1,1,7,0,1,11,0,.179,.268,.277,千葉ロッテマリーンズ,打撃成績
*,小川　龍成,46,100,88,6,21,1,0,0,22,8,6,2,3,0,8,0,1,17,4,.239,.250,.309,千葉ロッテマリーンズ,打撃成績
*,小島　和哉,14,2,2,0,0,0,0,0,0,0,0,0,0,0,0,0,0,0,0,.000,.000,.000,千葉ロッテマリーンズ,打撃成績
*,角中　勝也,27,53,42,3,7,0,0,1,10,5,1,0,2,1,8,0,0,9,0,.167,.238,.294,千葉ロッテマリーンズ,打撃成績
*,菊地　吏玖,17,0,0,0,0,0,0,0,0,0,0,0,0,0,0,0,0,0,0,.000,.000,.000,千葉ロッテマリーンズ,打撃成績
*,木村　優人,17,1,1,0,0,0,0,0,0,0,0,0,0,0,0,0,0,1,0,.000,.000,.000,千葉ロッテマリーンズ,打撃成績
*,サモンズ,7,0,0,0,0,0,0,0,0,0,0,0,0,0,0,0,0,0,0,.000,.000,.000,千葉ロッテマリーンズ,打撃成績
*,坂本　光士郎,8,0,0,0,0,0,0,0,0,0,0,0,0,0,0,0,0,0,0,.000,.000,.000,千葉ロッテマリーンズ,打撃成績
*,佐藤　都志也,26,81,74,3,8,1,0,1,12,6,1,0,1,1,2,1,3,15,0,.108,.162,.163,千葉ロッテマリーンズ,打撃成績
*,澤田　圭佑,12,0,0,0,0,0,0,0,0,0,0,0,0,0,0,0,0,0,0,.000,.000,.000,千葉ロッテマリーンズ,打撃成績
*,鈴木　昭汰,29,0,0,0,0,0,0,0,0,0,0,0,0,0,0,0,0,0,0,.000,.000,.000,千葉ロッテマリーンズ,打撃成績
*,高野　脩汰,15,1,1,0,0,0,0,0,0,0,0,0,0,0,0,0,0,0,0,.000,.000,.000,千葉ロッテマリーンズ,打撃成績
*,髙部　瑛斗,62,189,175,18,42,7,0,0,49,15,6,0,1,3,8,0,2,24,2,.240,.280,.277,千葉ロッテマリーンズ,打撃成績
*,立松　由宇,4,6,6,0,0,0,0,0,0,0,0,0,0,0,0,0,0,3,0,.000,.000,.000,千葉ロッテマリーンズ,打撃成績
*,田中　晴也,11,5,5,0,1,0,0,0,1,2,0,0,0,0,0,0,0,1,0,.200,.200,.200,千葉ロッテマリーンズ,打撃成績
*,寺地　隆成,70,269,252,24,68,10,0,5,93,22,0,0,1,1,9,1,6,41,5,.270,.369,.310,千葉ロッテマリーンズ,打撃成績
*,中村　稔弥,6,0,0,0,0,0,0,0,0,0,0,0,0,0,0,0,0,0,0,.000,.000,.000,千葉ロッテマリーンズ,打撃成績
*,中森　俊介,25,0,0,0,0,0,0,0,0,0,0,0,0,0,0,0,0,0,0,.000,.000,.000,千葉ロッテマリーンズ,打撃成績
*,廣池　康志郎,3,0,0,0,0,0,0,0,0,0,0,0,0,0,0,0,0,0,0,.000,.000,.000,千葉ロッテマリーンズ,打撃成績
*,藤岡　裕大,71,275,238,20,59,14,1,3,84,14,0,0,5,3,29,1,0,50,6,.248,.353,.326,千葉ロッテマリーンズ,打撃成績
*,藤原　恭大,77,319,288,26,79,7,4,3,103,18,10,3,3,0,23,2,5,53,3,.274,.358,.339,千葉ロッテマリーンズ,打撃成績
*,ポランコ,39,154,139,13,28,3,0,5,46,13,0,0,0,1,14,1,0,35,1,.201,.331,.273,千葉ロッテマリーンズ,打撃成績
*,宮崎　竜成,13,43,40,2,9,1,0,0,10,1,0,0,1,0,1,0,1,11,0,.225,.250,.262,千葉ロッテマリーンズ,打撃成績
*,安田　尚憲,53,204,180,16,47,10,0,0,57,15,0,1,0,2,19,2,3,35,1,.261,.317,.338,千葉ロッテマリーンズ,打撃成績
*,和田　康士朗,12,4,2,4,0,0,0,0,0,1,0,1,0,1,1,0,0,1,0,.000,.000,.250,千葉ロッテマリーンズ,打撃成績
千葉ロッテマリーンズ||,公式戦(パ・リーグ),：,チーム打撃|,個人投手|,個人守備|,,,,,,,,,,,,,,,,,,,千葉ロッテマリーンズ,打撃成績
ファーム(イ・リーグ),：,個人打撃|,個人投手|,個人守備|,,,,,,,,,,,,,,,,,,,,千葉ロッテマリーンズ,打撃成績
*,内　星龍,20,1,1,0,0,0,0,0,0,0,0,0,0,0,0,0,0,1,0,.000,.000,.000,東北楽天ゴールデンイーグルス,打撃成績
*,小郷　裕哉,62,147,134,12,25,6,2,1,38,9,9,0,0,2,11,1,0,40,0,.187,.284,.245,東北楽天ゴールデンイーグルス,打撃成績
*,辛島　航,2,0,0,0,0,0,0,0,0,0,0,0,0,0,0,0,0,0,0,.000,.000,.000,東北楽天ゴールデンイーグルス,打撃成績
*,黒川　史陽,28,104,93,11,29,3,1,1,37,10,1,0,1,1,8,0,1,17,1,.312,.398,.369,東北楽天ゴールデンイーグルス,打撃成績
*,古謝　樹,9,0,0,0,0,0,0,0,0,0,0,0,0,0,0,0,0,0,0,.000,.000,.000,東北楽天ゴールデンイーグルス,打撃成績
*,小深田　大翔,84,307,260,25,61,5,1,1,71,13,25,5,11,1,34,0,1,53,1,.235,.273,.324,東北楽天ゴールデンイーグルス,打撃成績
*,島内　宏明,5,11,10,0,0,0,0,0,0,0,0,0,0,0,1,0,0,3,0,.000,.000,.091,東北楽天ゴールデンイーグルス,打撃成績
*,鈴木　翔天,24,0,0,0,0,0,0,0,0,0,0,0,0,0,0,0,0,0,0,.000,.000,.000,東北楽天ゴールデンイーグルス,打撃成績
*,鈴木　大地,60,120,108,9,27,2,1,1,34,11,1,0,0,0,4,0,8,17,2,.250,.315,.325,東北楽天ゴールデンイーグルス,打撃成績
*,ターリー,2,0,0,0,0,0,0,0,0,0,0,0,0,0,0,0,0,0,0,.000,.000,.000,東北楽天ゴールデンイーグルス,打撃成績
*,辰己　涼介,73,275,247,20,62,9,2,4,87,21,14,0,0,3,18,0,7,62,8,.251,.352,.316,東北楽天ゴールデンイーグルス,打撃成績
+,田中　和基,16,16,16,5,1,0,0,0,1,1,1,0,0,0,0,0,0,8,0,.063,.063,.063,東北楽天ゴールデンイーグルス,打撃成績
*,田中　貴也,11,4,2,0,0,0,0,0,0,0,0,0,1,0,1,0,0,2,0,.000,.000,.333,東北楽天ゴールデンイーグルス,打撃成績
*,中島　大輔,70,239,229,24,62,4,5,2,82,15,13,2,2,0,6,0,2,33,2,.271,.358,.295,東北楽天ゴールデンイーグルス,打撃成績
*,西垣　雅矢,36,0,0,0,0,0,0,0,0,0,0,0,0,0,0,0,0,0,0,.000,.000,.000,東北楽天ゴールデンイーグルス,打撃成績
*,則本　昂大,34,0,0,0,0,0,0,0,0,0,0,0,0,0,0,0,0,0,0,.000,.000,.000,東北楽天ゴールデンイーグルス,打撃成績
*,早川　隆久,11,3,3,0,0,0,0,0,0,0,0,0,0,0,0,0,0,2,0,.000,.000,.000,東北楽天ゴールデンイーグルス,打撃成績
*,藤井　聖,13,4,2,0,0,0,0,0,0,0,0,0,2,0,0,0,0,1,0,.000,.000,.000,東北楽天ゴールデンイーグルス,打撃成績
*,堀内　謙伍,41,114,103,12,32,3,1,1,40,10,1,0,2,0,9,0,0,27,3,.311,.388,.366,東北楽天ゴールデンイーグルス,打撃成績
*,武藤　敦貴,27,46,37,8,5,0,1,0,7,3,2,0,1,1,7,0,0,10,0,.135,.189,.267,東北楽天ゴールデンイーグルス,打撃成績
*,宗山　塁,77,308,290,15,73,14,3,3,102,22,4,0,0,6,11,2,1,52,5,.252,.352,.276,東北楽天ゴールデンイーグルス,打撃成績
+,ヤフーレ,10,2,2,0,0,0,0,0,0,0,0,0,0,0,0,0,0,2,0,.000,.000,.000,東北楽天ゴールデンイーグルス,打撃成績
*,渡邊　佳明,55,134,119,7,36,4,0,0,40,14,0,0,1,4,10,0,0,13,2,.303,.336,.346,東北楽天ゴールデンイーグルス,打撃成績
東北楽天ゴールデンイーグルス||,公式戦(パ・リーグ),：,チーム打撃|,個人投手|,個人守備|,,,,,,,,,,,,,,,,,,,東北楽天ゴールデンイーグルス,打撃成績
ファーム(イ・リーグ),：,個人打撃|,個人投手|,個人守備|,,,,,,,,,,,,,,,,,,,,東北楽天ゴールデンイーグルス,打撃成績
*,阿部　翔太,16,0,0,0,0,0,0,0,0,0,0,0,0,0,0,0,0,0,0,.000,.000,.000,オリックス・バファローズ,打撃成績
*,大里　昂生,12,32,24,6,7,0,0,0,7,3,2,0,0,1,7,0,0,3,0,.292,.292,.438,オリックス・バファローズ,打撃成績
*,片山　楽生,8,0,0,0,0,0,0,0,0,0,0,0,0,0,0,0,0,0,0,.000,.000,.000,オリックス・バファローズ,打撃成績
*,来田　涼斗,39,107,98,12,25,4,0,2,35,5,4,0,2,1,6,0,0,27,0,.255,.357,.295,オリックス・バファローズ,打撃成績
*,杉澤　龍,14,16,15,0,3,1,0,0,4,2,0,1,1,0,0,0,0,4,0,.200,.267,.200,オリックス・バファローズ,打撃成績
*,曽谷　龍平,15,4,4,0,0,0,0,0,0,0,0,0,0,0,0,0,0,2,0,.000,.000,.000,オリックス・バファローズ,打撃成績
*,田嶋　大樹,12,3,3,1,0,0,0,0,0,0,0,0,0,0,0,0,0,2,0,.000,.000,.000,オリックス・バファローズ,打撃成績
*,茶野　篤政,3,12,12,0,2,0,0,0,2,0,0,0,0,0,0,0,0,0,0,.167,.167,.167,オリックス・バファローズ,打撃成績
*,東松　快征,1,0,0,0,0,0,0,0,0,0,0,0,0,0,0,0,0,0,0,.000,.000,.000,オリックス・バファローズ,打撃成績
*,富山　凌雅,5,0,0,0,0,0,0,0,0,0,0,0,0,0,0,0,0,0,0,.000,.000,.000,オリックス・バファローズ,打撃成績
*,西川　龍馬,69,293,277,26,87,20,1,4,121,31,4,1,4,1,9,1,2,42,4,.314,.437,.339,オリックス・バファローズ,打撃成績
*,西野　真弘,36,116,108,10,27,2,1,3,40,15,0,0,2,0,6,0,0,8,0,.250,.370,.289,オリックス・バファローズ,打撃成績
*,野口　智哉,33,64,55,10,8,5,1,1,18,3,0,1,0,0,6,0,3,16,0,.145,.327,.266,オリックス・バファローズ,打撃成績
*,福田　周平,19,54,46,1,8,0,0,0,8,2,1,0,4,0,4,0,0,8,1,.174,.174,.240,オリックス・バファローズ,打撃成績
*,宮城　大弥,15,4,3,0,0,0,0,0,0,0,0,0,0,0,1,0,0,0,0,.000,.000,.250,オリックス・バファローズ,打撃成績
*,麦谷　祐介,41,76,70,13,18,0,1,0,20,5,8,2,0,0,6,0,0,17,0,.257,.286,.316,オリックス・バファローズ,打撃成績
*,宗　佑磨,50,208,187,17,46,8,1,4,68,18,2,3,2,0,16,1,3,26,3,.246,.364,.316,オリックス・バファローズ,打撃成績
*,森　友哉,35,139,120,14,29,7,0,0,36,10,0,0,0,1,17,1,1,23,0,.242,.300,.338,オリックス・バファローズ,打撃成績
*,山岡　泰輔,22,0,0,0,0,0,0,0,0,0,0,0,0,0,0,0,0,0,0,.000,.000,.000,オリックス・バファローズ,打撃成績
*,山田　修義,22,0,0,0,0,0,0,0,0,0,0,0,0,0,0,0,0,0,0,.000,.000,.000,オリックス・バファローズ,打撃成績
*,山中　稜真,14,47,44,2,6,1,1,1,12,3,0,0,0,0,3,0,0,8,2,.136,.273,.191,オリックス・バファローズ,打撃成績
*,横山　聖哉,1,1,1,0,0,0,0,0,0,0,0,0,0,0,0,0,0,1,0,.000,.000,.000,オリックス・バファローズ,打撃成績
*,渡部　遼人,15,6,5,5,1,0,0,0,1,0,0,0,0,0,1,0,0,3,0,.200,.200,.333,オリックス・バファローズ,打撃成績
オリックス・バファローズ||,公式戦(パ・リーグ),：,チーム打撃|,個人投手|,個人守備|,,,,,,,,,,,,,,,,,,,オリックス・バファローズ,打撃成績
ファーム(ウ・リーグ),：,個人打撃|,個人投手|,個人守備|,,,,,,,,,,,,,,,,,,,,オリックス・バファローズ,打撃成績
*,甲斐野　央,27,0,0,0,0,0,0,0,0,0,0,0,0,0,0,0,0,0,0,.000,.000,.000,埼玉西武ライオンズ,打撃成績
*,栗山　巧,11,23,23,0,2,0,0,0,2,0,0,0,0,0,0,0,0,7,1,.087,.087,.087,埼玉西武ライオンズ,打撃成績
*,黒木　優太,12,0,0,0,0,0,0,0,0,0,0,0,0,0,0,0,0,0,0,.000,.000,.000,埼玉西武ライオンズ,打撃成績
*,源田　壮亮,67,246,215,16,48,9,2,0,61,13,6,2,8,1,20,0,2,38,3,.223,.284,.294,埼玉西武ライオンズ,打撃成績
*,佐々木　健,12,0,0,0,0,0,0,0,0,0,0,0,0,0,0,0,0,0,0,.000,.000,.000,埼玉西武ライオンズ,打撃成績
*,佐藤　隼輔,20,0,0,0,0,0,0,0,0,0,0,0,0,0,0,0,0,0,0,.000,.000,.000,埼玉西武ライオンズ,打撃成績
*,佐藤　太陽,1,4,3,0,0,0,0,0,0,0,0,0,0,0,1,0,0,1,0,.000,.000,.250,埼玉西武ライオンズ,打撃成績
*,菅井　信也,9,0,0,0,0,0,0,0,0,0,0,0,0,0,0,0,0,0,0,.000,.000,.000,埼玉西武ライオンズ,打撃成績
*,隅田　知一郎,15,2,1,0,0,0,0,0,0,0,0,0,1,0,0,0,0,0,0,.000,.000,.000,埼玉西武ライオンズ,打撃成績
*,平良　海馬,33,0,0,0,0,0,0,0,0,0,0,0,0,0,0,0,0,0,0,.000,.000,.000,埼玉西武ライオンズ,打撃成績
*,髙松　渡,11,12,10,0,0,0,0,0,0,0,3,0,2,0,0,0,0,2,0,.000,.000,.000,埼玉西武ライオンズ,打撃成績
*,滝澤　夏央,71,241,212,13,52,2,0,0,54,7,11,4,14,0,14,0,1,38,2,.245,.255,.295,埼玉西武ライオンズ,打撃成績
*,武内　夏暉,9,5,2,0,0,0,0,0,0,1,0,0,1,1,1,0,0,2,0,.000,.000,.250,埼玉西武ライオンズ,打撃成績
*,田村　伊知郎,20,0,0,0,0,0,0,0,0,0,0,0,0,0,0,0,0,0,0,.000,.000,.000,埼玉西武ライオンズ,打撃成績
+,仲田　慶介,45,60,53,10,12,0,0,0,12,0,1,3,3,0,2,0,2,9,1,.226,.226,.281,埼玉西武ライオンズ,打撃成績
*,仲三河　優太,5,10,9,0,2,0,1,0,4,5,0,0,0,1,0,0,0,6,0,.222,.444,.200,埼玉西武ライオンズ,打撃成績
*,西川　愛也,89,395,360,40,92,16,1,4,122,18,18,5,2,2,26,1,5,52,2,.256,.339,.313,埼玉西武ライオンズ,打撃成績
*,羽田　慎之介,21,0,0,0,0,0,0,0,0,0,0,0,0,0,0,0,0,0,0,.000,.000,.000,埼玉西武ライオンズ,打撃成績
*,平沢　大河,7,17,17,1,1,1,0,0,2,0,0,0,0,0,0,0,0,4,0,.059,.118,.059,埼玉西武ライオンズ,打撃成績
*,平沼　翔太,36,90,84,8,15,1,0,0,16,5,3,0,1,0,3,1,2,17,0,.179,.190,.225,埼玉西武ライオンズ,打撃成績
*,蛭間　拓哉,12,37,34,0,6,0,0,0,6,0,0,0,2,0,1,0,0,8,0,.176,.176,.200,埼玉西武ライオンズ,打撃成績
*,牧野　翔矢,29,67,61,3,13,0,1,0,15,0,1,0,4,0,2,0,0,22,0,.213,.246,.238,埼玉西武ライオンズ,打撃成績
*,松原　聖弥,8,24,22,1,6,1,0,0,7,0,0,0,2,0,0,0,0,6,0,.273,.318,.273,埼玉西武ライオンズ,打撃成績
*,元山　飛優,38,75,69,1,10,6,0,0,16,5,0,0,5,0,1,0,0,12,1,.145,.232,.157,埼玉西武ライオンズ,打撃成績
*,山村　崇嘉,30,97,87,4,19,3,1,1,27,7,0,1,0,1,7,0,2,17,1,.218,.310,.289,埼玉西武ライオンズ,打撃成績
埼玉西武ライオンズ||,公式戦(パ・リーグ),：,チーム打撃|,個人投手|,個人守備|,,,,,,,,,,,,,,,,,,,埼玉西武ライオンズ,打撃成績
ファーム(イ・リーグ),：,個人打撃|,個人投手|,個人守備|,,,,,,,,,,,,,,,,,,,,埼玉西武ライオンズ,打撃成績
